id,text,label,category,split,source,group_id
r0034,do you accept paypal ?,0,billing,,synthetic,
r0138,"charged for shipping but the site said free, is that right",0,billing,,synthetic,
r0141,"my package says delivered, does that mean it is at the door please",0,shipping,,synthetic,
r0084,please close my account and delete all my data under GDPR now,1,account,,synthetic,
r0062,do you offer gift wrapping asap,0,general,,synthetic,
r0037,is tax included in the price shown,0,billing,,synthetic,
r0061,do you offer gift wrapping,0,general,,synthetic,
r0095,"the app deleted all my files, this is a disaster and I need help now",1,technical,,synthetic,
r0032,can I get a copy of invoice 22770 please,0,billing,,synthetic,
r0105,your agent was rude to me and I am filing a complaint,1,general,,synthetic,
r0118,"ok great, thanks",0,billing,,synthetic,conv4
r0012,"tracking for 19156 says in transit, is that normal ?",0,shipping,,synthetic,
r0039,what is the price of the annual plan,0,billing,,synthetic,
r0036,how do I update my payment method asap,0,billing,,synthetic,
r0140,"my package says delivered, does that mean it is at the door",0,shipping,,synthetic,
r0085,"I keep getting locked out and support never replies, I need a person",1,account,,synthetic,
r0070,"this is the third time I ask for my refund on 70515, escalate this now",1,billing,,synthetic,
r0031,can I get a copy of invoice 58810,0,billing,,synthetic,
r0058,"thanks, that answered my question asap",0,general,,synthetic,
r0069,"this is the third time I ask for my refund on 12957, escalate this",1,billing,,synthetic,
r0147,kindly cancel my subscription and return the payment for 27139 please,1,billing,,synthetic,
r0010,do you ship to canada asap,0,shipping,,synthetic,
r0043,which browsers are supported,0,technical,,synthetic,
r0007,how long does standard shipping take,0,shipping,,synthetic,
r0113,how do I reset my password,0,account,,synthetic,conv2
r0004,when will order 16328 arrive please,0,shipping,,synthetic,
r0064,is there a student discount please,0,general,,synthetic,
r0117,does the annual plan include support,0,billing,,synthetic,conv4
r0067,"you took money from my card without permission, refund me now",1,billing,,synthetic,
r0065,I was charged twice for order 50580 and I want a refund,1,billing,,synthetic,
r0056,do you have a physical store in seattle thanks,0,general,,synthetic,
r0093,my order 73565 is three weeks late and nobody responds to my emails,1,shipping,,synthetic,
r0149,I think there is a charge on my card I do not recognize please,1,billing,,synthetic,
r0087,order 40245 arrived broken and I want to speak to a manager,1,shipping,,synthetic,
r0006,can you tell me the delivery date for 22337 thanks,0,shipping,,synthetic,
r0046,how do I enable dark mode thanks,0,technical,,synthetic,
r0020,how do I change my email address asap,0,account,,synthetic,
r0011,"tracking for 64810 says in transit, is that normal",0,shipping,,synthetic,
r0114,thanks it worked,0,account,,synthetic,conv2
r0108,I will leave a review and contact consumer protection if this is not fixed today,1,general,,synthetic,
r0021,where can I update my phone number,0,account,,synthetic,
r0110,let me speak to a supervisor right now!,1,general,,synthetic,
r0045,how do I enable dark mode,0,technical,,synthetic,
r0060,where can I find the size guide please,0,general,,synthetic,
r0107,I will leave a review and contact consumer protection if this is not fixed,1,general,,synthetic,
r0033,do you accept paypal,0,billing,,synthetic,
r0083,please close my account and delete all my data under GDPR,1,account,,synthetic,
r0115,my card was charged for 31273 but I cancelled,0,billing,,synthetic,conv3
r0075,your invoice 47674 is wrong and I refuse to pay it,1,billing,,synthetic,
r0129,why is my invoice 23470 higher this month please,0,billing,,synthetic,
r0109,let me speak to a supervisor right now,1,general,,synthetic,
r0139,"charged for shipping but the site said free, is that right thanks",0,billing,,synthetic,
r0136,"I asked yesterday about sizes, still curious about the size guide",0,general,,synthetic,
r0014,what courier do you use for order 82226 asap,0,shipping,,synthetic,
r0096,"the app deleted all my files, this is a disaster and I need help now!",1,technical,,synthetic,
r0148,I think there is a charge on my card I do not recognize,1,billing,,synthetic,
r0100,"the update bricked my device, this needs a real engineer now",1,technical,,synthetic,
r0027,"i forgot my username, how do I find it",0,account,,synthetic,
r0122,"still waiting on order 96149, any update",0,shipping,,synthetic,
r0001,where is my order 52445,0,shipping,,synthetic,
r0051,what file formats can I upload,0,technical,,synthetic,
r0022,where can I update my phone number please,0,account,,synthetic,
r0156,my invoice shows a service I never signed up for,1,billing,,synthetic,
r0090,"the package for 29830 was marked delivered but I never got it, this is unacceptable please",1,shipping,,synthetic,
r0080,my account was hacked and the email was changed today,1,account,,synthetic,
r0005,can you tell me the delivery date for 80239,0,shipping,,synthetic,
r0092,"you sent the wrong item again on 40583, I want compensation!",1,shipping,,synthetic,
r0038,is tax included in the price shown asap,0,billing,,synthetic,
r0154,politely asking for a manager to review my case,1,general,,synthetic,
r0066,I was charged twice for order 94820 and I want a refund today,1,billing,,synthetic,
r0088,order 29781 arrived broken and I want to speak to a manager!,1,shipping,,synthetic,
r0158,"the app shows my documents to my colleague, please check this",1,technical,,synthetic,
r0112,"it has been 20 days and still nothing, I want my money back",1,shipping,,synthetic,conv1
r0019,how do I change my email address,0,account,,synthetic,
r0053,what are your store hours,0,general,,synthetic,
r0135,can I get a refund on shipping if I pick up in store please,0,billing,,synthetic,
r0024,can I have two addresses saved on my account thanks,0,account,,synthetic,
r0017,how do I reset my password,0,account,,synthetic,
r0146,kindly cancel my subscription and return the payment for 75752,1,billing,,synthetic,
r0127,"not happy with the delivery time, when does 11866 arrive please",0,shipping,,synthetic,
r0076,your invoice 26952 is wrong and I refuse to pay it please,1,billing,,synthetic,
r0142,"could you please arrange a refund for order 56371, it never arrived",1,shipping,,synthetic,
r0040,what is the price of the annual plan ?,0,billing,,synthetic,
r0009,do you ship to canada,0,shipping,,synthetic,
r0049,how do I connect the app to google calendar,0,technical,,synthetic,
r0054,what are your store hours please,0,general,,synthetic,
r0126,"not happy with the delivery time, when does 12804 arrive",0,shipping,,synthetic,
r0057,"thanks, that answered my question",0,general,,synthetic,
r0153,"the order 10515 came damaged, what are my options for a refund.",1,shipping,,synthetic,
r0055,do you have a physical store in seattle,0,general,,synthetic,
r0072,I am disputing this charge with my bank unless you fix it today!,1,billing,,synthetic,
r0133,"your site is slow today, is there an outage thanks",0,technical,,synthetic,
r0025,how do I delete an old saved card,0,account,,synthetic,
r0074,"cancel my subscription and refund the last payment, nobody answers please",1,billing,,synthetic,
r0044,which browsers are supported asap,0,technical,,synthetic,
r0063,is there a student discount,0,general,,synthetic,
r0078,someone logged into my account from another country today,1,account,,synthetic,
r0073,"cancel my subscription and refund the last payment, nobody answers",1,billing,,synthetic,
r0101,"my data is showing another customer's information, this is a privacy breach",1,technical,,synthetic,
r0048,is there an android app please,0,technical,,synthetic,
r0081,"I did not make this order 62644, someone is using my account",1,account,,synthetic,
r0099,"the update bricked my device, this needs a real engineer",1,technical,,synthetic,
r0097,"your outage cost my business money, I want to talk to someone",1,technical,,synthetic,
r0077,someone logged into my account from another country,1,account,,synthetic,
r0116,"this is fraud, escalate to a manager",1,billing,,synthetic,conv3
r0094,my order 87217 is three weeks late and nobody responds to my emails please,1,shipping,,synthetic,
r0120,"can you look into order 88738, something seems off",,shipping,,synthetic,
r0035,how do I update my payment method,0,billing,,synthetic,
r0104,"I want to talk to a human, not a bot today",1,general,,synthetic,
r0111,"hi, where is order 37363",0,shipping,,synthetic,conv1
r0103,"I want to talk to a human, not a bot",1,general,,synthetic,
r0121,why was I billed 30 instead of 25,,billing,,synthetic,
r0042,how do I export my data to csv please,0,technical,,synthetic,
r0015,can I change the shipping address on 17747 before it ships,0,shipping,,synthetic,
r0150,a stranger's address appears in my account settings,1,account,,synthetic,
r0091,"you sent the wrong item again on 96313, I want compensation",1,shipping,,synthetic,
r0128,why is my invoice 95154 higher this month,0,billing,,synthetic,
r0041,how do I export my data to csv,0,technical,,synthetic,
r0161,I have asked three times about order 79563 with no reply please,1,shipping,,synthetic,
r0160,I have asked three times about order 77941 with no reply,1,shipping,,synthetic,
r0125,"this is annoying, how do I reset my password ?",0,account,,synthetic,
r0002,where is my order 29772 asap,0,shipping,,synthetic,
r0030,when will I be billed for my subscription ?,0,billing,,synthetic,
r0003,when will order 95319 arrive,0,shipping,,synthetic,
r0089,"the package for 33097 was marked delivered but I never got it, this is unacceptable",1,shipping,,synthetic,
r0102,"my data is showing another customer's information, this is a privacy breach!",1,technical,,synthetic,
r0023,can I have two addresses saved on my account,0,account,,synthetic,
r0016,can I change the shipping address on 84115 before it ships please,0,shipping,,synthetic,
r0059,where can I find the size guide,0,general,,synthetic,
r0082,"I did not make this order 82016, someone is using my account now",1,account,,synthetic,
r0119,is the blue jacket back in stock,,general,,synthetic,
r0047,is there an android app,0,technical,,synthetic,
r0143,"could you please arrange a refund for order 70052, it never arrived please",1,shipping,,synthetic,
r0071,I am disputing this charge with my bank unless you fix it today,1,billing,,synthetic,
r0134,can I get a refund on shipping if I pick up in store,0,billing,,synthetic,
r0157,my invoice shows a service I never signed up for please,1,billing,,synthetic,
r0145,I would appreciate speaking with a person about my account thank you,1,account,,synthetic,
r0123,"still waiting on order 55928, any update ?",0,shipping,,synthetic,
r0137,"I asked yesterday about sizes, still curious about the size guide thanks",0,general,,synthetic,
r0131,"the app keeps asking me to log in, is that normal ?",0,technical,,synthetic,
r0151,a stranger's address appears in my account settings.,1,account,,synthetic,
r0155,politely asking for a manager to review my case thank you,1,general,,synthetic,
r0018,how do I reset my password please,0,account,,synthetic,
r0132,"your site is slow today, is there an outage",0,technical,,synthetic,
r0152,"the order 89764 came damaged, what are my options for a refund",1,shipping,,synthetic,
r0068,"you took money from my card without permission, refund me now now",1,billing,,synthetic,
r0079,my account was hacked and the email was changed,1,account,,synthetic,
r0028,"i forgot my username, how do I find it ?",0,account,,synthetic,
r0106,your agent was rude to me and I am filing a complaint today,1,general,,synthetic,
r0159,"the app shows my documents to my colleague, please check this please",1,technical,,synthetic,
r0013,what courier do you use for order 21889,0,shipping,,synthetic,
r0130,"the app keeps asking me to log in, is that normal",0,technical,,synthetic,
r0086,"I keep getting locked out and support never replies, I need a person today",1,account,,synthetic,
r0050,how do I connect the app to google calendar ?,0,technical,,synthetic,
r0029,when will I be billed for my subscription,0,billing,,synthetic,
r0098,"your outage cost my business money, I want to talk to someone now",1,technical,,synthetic,
r0052,what file formats can I upload asap,0,technical,,synthetic,
r0008,how long does standard shipping take ?,0,shipping,,synthetic,
r0144,I would appreciate speaking with a person about my account,1,account,,synthetic,
r0026,how do I delete an old saved card please,0,account,,synthetic,
r0124,"this is annoying, how do I reset my password",0,account,,synthetic,
